filename,model,population,alpha,alpha_value,series,compact_object,eos,spin_assumption,n_redshift_points,z_min,z_max
HG_optimistic_A0_5_BNS.csv,OPT,HG_optimistic,A0_5,5.000000000000e-01,BNS,BNS,,,750,1.000000000000e-02,1.499000000000e+01
HG_optimistic_A0_5_NSBH_uncut.csv,OPT,HG_optimistic,A0_5,5.000000000000e-01,NSBH,NSBH,,uncut,750,1.000000000000e-02,1.499000000000e+01
HG_optimistic_A0_5_NSBH_DD2_fixed_chi_0.csv,OPT,HG_optimistic,A0_5,5.000000000000e-01,NSBH DD2 fixed chi,NSBH,DD2,fixed_chi_0,750,1.000000000000e-02,1.499000000000e+01
HG_optimistic_A0_5_NSBH_DD2_uniform_chi_0_1.csv,OPT,HG_optimistic,A0_5,5.000000000000e-01,NSBH DD2 uniform chi,NSBH,DD2,uniform_chi_0_1,750,1.000000000000e-02,1.499000000000e+01
HG_optimistic_A0_5_NSBH_SFHo_fixed_chi_0.csv,OPT,HG_optimistic,A0_5,5.000000000000e-01,NSBH SFHo fixed chi,NSBH,SFHo,fixed_chi_0,750,1.000000000000e-02,1.499000000000e+01
HG_optimistic_A0_5_NSBH_SFHo_uniform_chi_0_1.csv,OPT,HG_optimistic,A0_5,5.000000000000e-01,NSBH SFHo uniform chi,NSBH,SFHo,uniform_chi_0_1,750,1.000000000000e-02,1.499000000000e+01
HG_optimistic_A1_0_BNS.csv,OPT,HG_optimistic,A1_0,1.000000000000e+00,BNS,BNS,,,750,1.000000000000e-02,1.499000000000e+01
HG_optimistic_A1_0_NSBH_uncut.csv,OPT,HG_optimistic,A1_0,1.000000000000e+00,NSBH,NSBH,,uncut,750,1.000000000000e-02,1.499000000000e+01
HG_optimistic_A1_0_NSBH_DD2_fixed_chi_0.csv,OPT,HG_optimistic,A1_0,1.000000000000e+00,NSBH DD2 fixed chi,NSBH,DD2,fixed_chi_0,750,1.000000000000e-02,1.499000000000e+01
HG_optimistic_A1_0_NSBH_DD2_uniform_chi_0_1.csv,OPT,HG_optimistic,A1_0,1.000000000000e+00,NSBH DD2 uniform chi,NSBH,DD2,uniform_chi_0_1,750,1.000000000000e-02,1.499000000000e+01
HG_optimistic_A1_0_NSBH_SFHo_fixed_chi_0.csv,OPT,HG_optimistic,A1_0,1.000000000000e+00,NSBH SFHo fixed chi,NSBH,SFHo,fixed_chi_0,750,1.000000000000e-02,1.499000000000e+01
HG_optimistic_A1_0_NSBH_SFHo_uniform_chi_0_1.csv,OPT,HG_optimistic,A1_0,1.000000000000e+00,NSBH SFHo uniform chi,NSBH,SFHo,uniform_chi_0_1,750,1.000000000000e-02,1.499000000000e+01
HG_optimistic_A3_0_BNS.csv,OPT,HG_optimistic,A3_0,3.000000000000e+00,BNS,BNS,,,750,1.000000000000e-02,1.499000000000e+01
HG_optimistic_A3_0_NSBH_uncut.csv,OPT,HG_optimistic,A3_0,3.000000000000e+00,NSBH,NSBH,,uncut,750,1.000000000000e-02,1.499000000000e+01
HG_optimistic_A3_0_NSBH_DD2_fixed_chi_0.csv,OPT,HG_optimistic,A3_0,3.000000000000e+00,NSBH DD2 fixed chi,NSBH,DD2,fixed_chi_0,750,1.000000000000e-02,1.499000000000e+01
HG_optimistic_A3_0_NSBH_DD2_uniform_chi_0_1.csv,OPT,HG_optimistic,A3_0,3.000000000000e+00,NSBH DD2 uniform chi,NSBH,DD2,uniform_chi_0_1,750,1.000000000000e-02,1.499000000000e+01
HG_optimistic_A3_0_NSBH_SFHo_fixed_chi_0.csv,OPT,HG_optimistic,A3_0,3.000000000000e+00,NSBH SFHo fixed chi,NSBH,SFHo,fixed_chi_0,750,1.000000000000e-02,1.499000000000e+01
HG_optimistic_A3_0_NSBH_SFHo_uniform_chi_0_1.csv,OPT,HG_optimistic,A3_0,3.000000000000e+00,NSBH SFHo uniform chi,NSBH,SFHo,uniform_chi_0_1,750,1.000000000000e-02,1.499000000000e+01
HG_optimistic_A5_0_BNS.csv,OPT,HG_optimistic,A5_0,5.000000000000e+00,BNS,BNS,,,750,1.000000000000e-02,1.499000000000e+01
HG_optimistic_A5_0_NSBH_uncut.csv,OPT,HG_optimistic,A5_0,5.000000000000e+00,NSBH,NSBH,,uncut,750,1.000000000000e-02,1.499000000000e+01
HG_optimistic_A5_0_NSBH_DD2_fixed_chi_0.csv,OPT,HG_optimistic,A5_0,5.000000000000e+00,NSBH DD2 fixed chi,NSBH,DD2,fixed_chi_0,750,1.000000000000e-02,1.499000000000e+01
HG_optimistic_A5_0_NSBH_DD2_uniform_chi_0_1.csv,OPT,HG_optimistic,A5_0,5.000000000000e+00,NSBH DD2 uniform chi,NSBH,DD2,uniform_chi_0_1,750,1.000000000000e-02,1.499000000000e+01
HG_optimistic_A5_0_NSBH_SFHo_fixed_chi_0.csv,OPT,HG_optimistic,A5_0,5.000000000000e+00,NSBH SFHo fixed chi,NSBH,SFHo,fixed_chi_0,750,1.000000000000e-02,1.499000000000e+01
HG_optimistic_A5_0_NSBH_SFHo_uniform_chi_0_1.csv,OPT,HG_optimistic,A5_0,5.000000000000e+00,NSBH SFHo uniform chi,NSBH,SFHo,uniform_chi_0_1,750,1.000000000000e-02,1.499000000000e+01
delayed_A0_5_BNS.csv,SND,delayed,A0_5,5.000000000000e-01,BNS,BNS,,,750,1.000000000000e-02,1.499000000000e+01
delayed_A0_5_NSBH_uncut.csv,SND,delayed,A0_5,5.000000000000e-01,NSBH,NSBH,,uncut,750,1.000000000000e-02,1.499000000000e+01
delayed_A0_5_NSBH_DD2_fixed_chi_0.csv,SND,delayed,A0_5,5.000000000000e-01,NSBH DD2 fixed chi,NSBH,DD2,fixed_chi_0,750,1.000000000000e-02,1.499000000000e+01
delayed_A0_5_NSBH_DD2_uniform_chi_0_1.csv,SND,delayed,A0_5,5.000000000000e-01,NSBH DD2 uniform chi,NSBH,DD2,uniform_chi_0_1,750,1.000000000000e-02,1.499000000000e+01
delayed_A0_5_NSBH_SFHo_fixed_chi_0.csv,SND,delayed,A0_5,5.000000000000e-01,NSBH SFHo fixed chi,NSBH,SFHo,fixed_chi_0,750,1.000000000000e-02,1.499000000000e+01
delayed_A0_5_NSBH_SFHo_uniform_chi_0_1.csv,SND,delayed,A0_5,5.000000000000e-01,NSBH SFHo uniform chi,NSBH,SFHo,uniform_chi_0_1,750,1.000000000000e-02,1.499000000000e+01
delayed_A1_0_BNS.csv,SND,delayed,A1_0,1.000000000000e+00,BNS,BNS,,,750,1.000000000000e-02,1.499000000000e+01
delayed_A1_0_NSBH_uncut.csv,SND,delayed,A1_0,1.000000000000e+00,NSBH,NSBH,,uncut,750,1.000000000000e-02,1.499000000000e+01
delayed_A1_0_NSBH_DD2_fixed_chi_0.csv,SND,delayed,A1_0,1.000000000000e+00,NSBH DD2 fixed chi,NSBH,DD2,fixed_chi_0,750,1.000000000000e-02,1.499000000000e+01
delayed_A1_0_NSBH_DD2_uniform_chi_0_1.csv,SND,delayed,A1_0,1.000000000000e+00,NSBH DD2 uniform chi,NSBH,DD2,uniform_chi_0_1,750,1.000000000000e-02,1.499000000000e+01
delayed_A1_0_NSBH_SFHo_fixed_chi_0.csv,SND,delayed,A1_0,1.000000000000e+00,NSBH SFHo fixed chi,NSBH,SFHo,fixed_chi_0,750,1.000000000000e-02,1.499000000000e+01
delayed_A1_0_NSBH_SFHo_uniform_chi_0_1.csv,SND,delayed,A1_0,1.000000000000e+00,NSBH SFHo uniform chi,NSBH,SFHo,uniform_chi_0_1,750,1.000000000000e-02,1.499000000000e+01
delayed_A3_0_BNS.csv,SND,delayed,A3_0,3.000000000000e+00,BNS,BNS,,,750,1.000000000000e-02,1.499000000000e+01
delayed_A3_0_NSBH_uncut.csv,SND,delayed,A3_0,3.000000000000e+00,NSBH,NSBH,,uncut,750,1.000000000000e-02,1.499000000000e+01
delayed_A3_0_NSBH_DD2_fixed_chi_0.csv,SND,delayed,A3_0,3.000000000000e+00,NSBH DD2 fixed chi,NSBH,DD2,fixed_chi_0,750,1.000000000000e-02,1.499000000000e+01
delayed_A3_0_NSBH_DD2_uniform_chi_0_1.csv,SND,delayed,A3_0,3.000000000000e+00,NSBH DD2 uniform chi,NSBH,DD2,uniform_chi_0_1,750,1.000000000000e-02,1.499000000000e+01
delayed_A3_0_NSBH_SFHo_fixed_chi_0.csv,SND,delayed,A3_0,3.000000000000e+00,NSBH SFHo fixed chi,NSBH,SFHo,fixed_chi_0,750,1.000000000000e-02,1.499000000000e+01
delayed_A3_0_NSBH_SFHo_uniform_chi_0_1.csv,SND,delayed,A3_0,3.000000000000e+00,NSBH SFHo uniform chi,NSBH,SFHo,uniform_chi_0_1,750,1.000000000000e-02,1.499000000000e+01
delayed_A5_0_BNS.csv,SND,delayed,A5_0,5.000000000000e+00,BNS,BNS,,,750,1.000000000000e-02,1.499000000000e+01
delayed_A5_0_NSBH_uncut.csv,SND,delayed,A5_0,5.000000000000e+00,NSBH,NSBH,,uncut,750,1.000000000000e-02,1.499000000000e+01
delayed_A5_0_NSBH_DD2_fixed_chi_0.csv,SND,delayed,A5_0,5.000000000000e+00,NSBH DD2 fixed chi,NSBH,DD2,fixed_chi_0,750,1.000000000000e-02,1.499000000000e+01
delayed_A5_0_NSBH_DD2_uniform_chi_0_1.csv,SND,delayed,A5_0,5.000000000000e+00,NSBH DD2 uniform chi,NSBH,DD2,uniform_chi_0_1,750,1.000000000000e-02,1.499000000000e+01
delayed_A5_0_NSBH_SFHo_fixed_chi_0.csv,SND,delayed,A5_0,5.000000000000e+00,NSBH SFHo fixed chi,NSBH,SFHo,fixed_chi_0,750,1.000000000000e-02,1.499000000000e+01
delayed_A5_0_NSBH_SFHo_uniform_chi_0_1.csv,SND,delayed,A5_0,5.000000000000e+00,NSBH SFHo uniform chi,NSBH,SFHo,uniform_chi_0_1,750,1.000000000000e-02,1.499000000000e+01
farmer19_A0_5_BNS.csv,F19,farmer19,A0_5,5.000000000000e-01,BNS,BNS,,,750,1.000000000000e-02,1.499000000000e+01
farmer19_A0_5_NSBH_uncut.csv,F19,farmer19,A0_5,5.000000000000e-01,NSBH,NSBH,,uncut,750,1.000000000000e-02,1.499000000000e+01
farmer19_A0_5_NSBH_DD2_fixed_chi_0.csv,F19,farmer19,A0_5,5.000000000000e-01,NSBH DD2 fixed chi,NSBH,DD2,fixed_chi_0,750,1.000000000000e-02,1.499000000000e+01
farmer19_A0_5_NSBH_DD2_uniform_chi_0_1.csv,F19,farmer19,A0_5,5.000000000000e-01,NSBH DD2 uniform chi,NSBH,DD2,uniform_chi_0_1,750,1.000000000000e-02,1.499000000000e+01
farmer19_A0_5_NSBH_SFHo_fixed_chi_0.csv,F19,farmer19,A0_5,5.000000000000e-01,NSBH SFHo fixed chi,NSBH,SFHo,fixed_chi_0,750,1.000000000000e-02,1.499000000000e+01
farmer19_A0_5_NSBH_SFHo_uniform_chi_0_1.csv,F19,farmer19,A0_5,5.000000000000e-01,NSBH SFHo uniform chi,NSBH,SFHo,uniform_chi_0_1,750,1.000000000000e-02,1.499000000000e+01
farmer19_A1_0_BNS.csv,F19,farmer19,A1_0,1.000000000000e+00,BNS,BNS,,,750,1.000000000000e-02,1.499000000000e+01
farmer19_A1_0_NSBH_uncut.csv,F19,farmer19,A1_0,1.000000000000e+00,NSBH,NSBH,,uncut,750,1.000000000000e-02,1.499000000000e+01
farmer19_A1_0_NSBH_DD2_fixed_chi_0.csv,F19,farmer19,A1_0,1.000000000000e+00,NSBH DD2 fixed chi,NSBH,DD2,fixed_chi_0,750,1.000000000000e-02,1.499000000000e+01
farmer19_A1_0_NSBH_DD2_uniform_chi_0_1.csv,F19,farmer19,A1_0,1.000000000000e+00,NSBH DD2 uniform chi,NSBH,DD2,uniform_chi_0_1,750,1.000000000000e-02,1.499000000000e+01
farmer19_A1_0_NSBH_SFHo_fixed_chi_0.csv,F19,farmer19,A1_0,1.000000000000e+00,NSBH SFHo fixed chi,NSBH,SFHo,fixed_chi_0,750,1.000000000000e-02,1.499000000000e+01
farmer19_A1_0_NSBH_SFHo_uniform_chi_0_1.csv,F19,farmer19,A1_0,1.000000000000e+00,NSBH SFHo uniform chi,NSBH,SFHo,uniform_chi_0_1,750,1.000000000000e-02,1.499000000000e+01
farmer19_A3_0_BNS.csv,F19,farmer19,A3_0,3.000000000000e+00,BNS,BNS,,,750,1.000000000000e-02,1.499000000000e+01
farmer19_A3_0_NSBH_uncut.csv,F19,farmer19,A3_0,3.000000000000e+00,NSBH,NSBH,,uncut,750,1.000000000000e-02,1.499000000000e+01
farmer19_A3_0_NSBH_DD2_fixed_chi_0.csv,F19,farmer19,A3_0,3.000000000000e+00,NSBH DD2 fixed chi,NSBH,DD2,fixed_chi_0,750,1.000000000000e-02,1.499000000000e+01
farmer19_A3_0_NSBH_DD2_uniform_chi_0_1.csv,F19,farmer19,A3_0,3.000000000000e+00,NSBH DD2 uniform chi,NSBH,DD2,uniform_chi_0_1,750,1.000000000000e-02,1.499000000000e+01
farmer19_A3_0_NSBH_SFHo_fixed_chi_0.csv,F19,farmer19,A3_0,3.000000000000e+00,NSBH SFHo fixed chi,NSBH,SFHo,fixed_chi_0,750,1.000000000000e-02,1.499000000000e+01
farmer19_A3_0_NSBH_SFHo_uniform_chi_0_1.csv,F19,farmer19,A3_0,3.000000000000e+00,NSBH SFHo uniform chi,NSBH,SFHo,uniform_chi_0_1,750,1.000000000000e-02,1.499000000000e+01
farmer19_A5_0_BNS.csv,F19,farmer19,A5_0,5.000000000000e+00,BNS,BNS,,,750,1.000000000000e-02,1.499000000000e+01
farmer19_A5_0_NSBH_uncut.csv,F19,farmer19,A5_0,5.000000000000e+00,NSBH,NSBH,,uncut,750,1.000000000000e-02,1.499000000000e+01
farmer19_A5_0_NSBH_DD2_fixed_chi_0.csv,F19,farmer19,A5_0,5.000000000000e+00,NSBH DD2 fixed chi,NSBH,DD2,fixed_chi_0,750,1.000000000000e-02,1.499000000000e+01
farmer19_A5_0_NSBH_DD2_uniform_chi_0_1.csv,F19,farmer19,A5_0,5.000000000000e+00,NSBH DD2 uniform chi,NSBH,DD2,uniform_chi_0_1,750,1.000000000000e-02,1.499000000000e+01
farmer19_A5_0_NSBH_SFHo_fixed_chi_0.csv,F19,farmer19,A5_0,5.000000000000e+00,NSBH SFHo fixed chi,NSBH,SFHo,fixed_chi_0,750,1.000000000000e-02,1.499000000000e+01
farmer19_A5_0_NSBH_SFHo_uniform_chi_0_1.csv,F19,farmer19,A5_0,5.000000000000e+00,NSBH SFHo uniform chi,NSBH,SFHo,uniform_chi_0_1,750,1.000000000000e-02,1.499000000000e+01
fiducial_A0_5_BNS.csv,F,fiducial,A0_5,5.000000000000e-01,BNS,BNS,,,750,1.000000000000e-02,1.499000000000e+01
fiducial_A0_5_NSBH_uncut.csv,F,fiducial,A0_5,5.000000000000e-01,NSBH,NSBH,,uncut,750,1.000000000000e-02,1.499000000000e+01
fiducial_A0_5_NSBH_DD2_fixed_chi_0.csv,F,fiducial,A0_5,5.000000000000e-01,NSBH DD2 fixed chi,NSBH,DD2,fixed_chi_0,750,1.000000000000e-02,1.499000000000e+01
fiducial_A0_5_NSBH_DD2_uniform_chi_0_1.csv,F,fiducial,A0_5,5.000000000000e-01,NSBH DD2 uniform chi,NSBH,DD2,uniform_chi_0_1,750,1.000000000000e-02,1.499000000000e+01
fiducial_A0_5_NSBH_SFHo_fixed_chi_0.csv,F,fiducial,A0_5,5.000000000000e-01,NSBH SFHo fixed chi,NSBH,SFHo,fixed_chi_0,750,1.000000000000e-02,1.499000000000e+01
fiducial_A0_5_NSBH_SFHo_uniform_chi_0_1.csv,F,fiducial,A0_5,5.000000000000e-01,NSBH SFHo uniform chi,NSBH,SFHo,uniform_chi_0_1,750,1.000000000000e-02,1.499000000000e+01
fiducial_A1_0_BNS.csv,F,fiducial,A1_0,1.000000000000e+00,BNS,BNS,,,750,1.000000000000e-02,1.499000000000e+01
fiducial_A1_0_NSBH_uncut.csv,F,fiducial,A1_0,1.000000000000e+00,NSBH,NSBH,,uncut,750,1.000000000000e-02,1.499000000000e+01
fiducial_A1_0_NSBH_DD2_fixed_chi_0.csv,F,fiducial,A1_0,1.000000000000e+00,NSBH DD2 fixed chi,NSBH,DD2,fixed_chi_0,750,1.000000000000e-02,1.499000000000e+01
fiducial_A1_0_NSBH_DD2_uniform_chi_0_1.csv,F,fiducial,A1_0,1.000000000000e+00,NSBH DD2 uniform chi,NSBH,DD2,uniform_chi_0_1,750,1.000000000000e-02,1.499000000000e+01
fiducial_A1_0_NSBH_SFHo_fixed_chi_0.csv,F,fiducial,A1_0,1.000000000000e+00,NSBH SFHo fixed chi,NSBH,SFHo,fixed_chi_0,750,1.000000000000e-02,1.499000000000e+01
fiducial_A1_0_NSBH_SFHo_uniform_chi_0_1.csv,F,fiducial,A1_0,1.000000000000e+00,NSBH SFHo uniform chi,NSBH,SFHo,uniform_chi_0_1,750,1.000000000000e-02,1.499000000000e+01
fiducial_A3_0_BNS.csv,F,fiducial,A3_0,3.000000000000e+00,BNS,BNS,,,750,1.000000000000e-02,1.499000000000e+01
fiducial_A3_0_NSBH_uncut.csv,F,fiducial,A3_0,3.000000000000e+00,NSBH,NSBH,,uncut,750,1.000000000000e-02,1.499000000000e+01
fiducial_A3_0_NSBH_DD2_fixed_chi_0.csv,F,fiducial,A3_0,3.000000000000e+00,NSBH DD2 fixed chi,NSBH,DD2,fixed_chi_0,750,1.000000000000e-02,1.499000000000e+01
fiducial_A3_0_NSBH_DD2_uniform_chi_0_1.csv,F,fiducial,A3_0,3.000000000000e+00,NSBH DD2 uniform chi,NSBH,DD2,uniform_chi_0_1,750,1.000000000000e-02,1.499000000000e+01
fiducial_A3_0_NSBH_SFHo_fixed_chi_0.csv,F,fiducial,A3_0,3.000000000000e+00,NSBH SFHo fixed chi,NSBH,SFHo,fixed_chi_0,750,1.000000000000e-02,1.499000000000e+01
fiducial_A3_0_NSBH_SFHo_uniform_chi_0_1.csv,F,fiducial,A3_0,3.000000000000e+00,NSBH SFHo uniform chi,NSBH,SFHo,uniform_chi_0_1,750,1.000000000000e-02,1.499000000000e+01
fiducial_A5_0_BNS.csv,F,fiducial,A5_0,5.000000000000e+00,BNS,BNS,,,750,1.000000000000e-02,1.499000000000e+01
fiducial_A5_0_NSBH_uncut.csv,F,fiducial,A5_0,5.000000000000e+00,NSBH,NSBH,,uncut,750,1.000000000000e-02,1.499000000000e+01
fiducial_A5_0_NSBH_DD2_fixed_chi_0.csv,F,fiducial,A5_0,5.000000000000e+00,NSBH DD2 fixed chi,NSBH,DD2,fixed_chi_0,750,1.000000000000e-02,1.499000000000e+01
fiducial_A5_0_NSBH_DD2_uniform_chi_0_1.csv,F,fiducial,A5_0,5.000000000000e+00,NSBH DD2 uniform chi,NSBH,DD2,uniform_chi_0_1,750,1.000000000000e-02,1.499000000000e+01
fiducial_A5_0_NSBH_SFHo_fixed_chi_0.csv,F,fiducial,A5_0,5.000000000000e+00,NSBH SFHo fixed chi,NSBH,SFHo,fixed_chi_0,750,1.000000000000e-02,1.499000000000e+01
fiducial_A5_0_NSBH_SFHo_uniform_chi_0_1.csv,F,fiducial,A5_0,5.000000000000e+00,NSBH SFHo uniform chi,NSBH,SFHo,uniform_chi_0_1,750,1.000000000000e-02,1.499000000000e+01
fiducial_5M_A0_5_BNS.csv,F5M,fiducial_5M,A0_5,5.000000000000e-01,BNS,BNS,,,750,1.000000000000e-02,1.499000000000e+01
fiducial_5M_A0_5_NSBH_uncut.csv,F5M,fiducial_5M,A0_5,5.000000000000e-01,NSBH,NSBH,,uncut,750,1.000000000000e-02,1.499000000000e+01
fiducial_5M_A0_5_NSBH_DD2_fixed_chi_0.csv,F5M,fiducial_5M,A0_5,5.000000000000e-01,NSBH DD2 fixed chi,NSBH,DD2,fixed_chi_0,750,1.000000000000e-02,1.499000000000e+01
fiducial_5M_A0_5_NSBH_DD2_uniform_chi_0_1.csv,F5M,fiducial_5M,A0_5,5.000000000000e-01,NSBH DD2 uniform chi,NSBH,DD2,uniform_chi_0_1,750,1.000000000000e-02,1.499000000000e+01
fiducial_5M_A0_5_NSBH_SFHo_fixed_chi_0.csv,F5M,fiducial_5M,A0_5,5.000000000000e-01,NSBH SFHo fixed chi,NSBH,SFHo,fixed_chi_0,750,1.000000000000e-02,1.499000000000e+01
fiducial_5M_A0_5_NSBH_SFHo_uniform_chi_0_1.csv,F5M,fiducial_5M,A0_5,5.000000000000e-01,NSBH SFHo uniform chi,NSBH,SFHo,uniform_chi_0_1,750,1.000000000000e-02,1.499000000000e+01
fiducial_5M_A1_0_BNS.csv,F5M,fiducial_5M,A1_0,1.000000000000e+00,BNS,BNS,,,750,1.000000000000e-02,1.499000000000e+01
fiducial_5M_A1_0_NSBH_uncut.csv,F5M,fiducial_5M,A1_0,1.000000000000e+00,NSBH,NSBH,,uncut,750,1.000000000000e-02,1.499000000000e+01
fiducial_5M_A1_0_NSBH_DD2_fixed_chi_0.csv,F5M,fiducial_5M,A1_0,1.000000000000e+00,NSBH DD2 fixed chi,NSBH,DD2,fixed_chi_0,750,1.000000000000e-02,1.499000000000e+01
fiducial_5M_A1_0_NSBH_DD2_uniform_chi_0_1.csv,F5M,fiducial_5M,A1_0,1.000000000000e+00,NSBH DD2 uniform chi,NSBH,DD2,uniform_chi_0_1,750,1.000000000000e-02,1.499000000000e+01
fiducial_5M_A1_0_NSBH_SFHo_fixed_chi_0.csv,F5M,fiducial_5M,A1_0,1.000000000000e+00,NSBH SFHo fixed chi,NSBH,SFHo,fixed_chi_0,750,1.000000000000e-02,1.499000000000e+01
fiducial_5M_A1_0_NSBH_SFHo_uniform_chi_0_1.csv,F5M,fiducial_5M,A1_0,1.000000000000e+00,NSBH SFHo uniform chi,NSBH,SFHo,uniform_chi_0_1,750,1.000000000000e-02,1.499000000000e+01
fiducial_5M_A3_0_BNS.csv,F5M,fiducial_5M,A3_0,3.000000000000e+00,BNS,BNS,,,750,1.000000000000e-02,1.499000000000e+01
fiducial_5M_A3_0_NSBH_uncut.csv,F5M,fiducial_5M,A3_0,3.000000000000e+00,NSBH,NSBH,,uncut,750,1.000000000000e-02,1.499000000000e+01
fiducial_5M_A3_0_NSBH_DD2_fixed_chi_0.csv,F5M,fiducial_5M,A3_0,3.000000000000e+00,NSBH DD2 fixed chi,NSBH,DD2,fixed_chi_0,750,1.000000000000e-02,1.499000000000e+01
fiducial_5M_A3_0_NSBH_DD2_uniform_chi_0_1.csv,F5M,fiducial_5M,A3_0,3.000000000000e+00,NSBH DD2 uniform chi,NSBH,DD2,uniform_chi_0_1,750,1.000000000000e-02,1.499000000000e+01
fiducial_5M_A3_0_NSBH_SFHo_fixed_chi_0.csv,F5M,fiducial_5M,A3_0,3.000000000000e+00,NSBH SFHo fixed chi,NSBH,SFHo,fixed_chi_0,750,1.000000000000e-02,1.499000000000e+01
fiducial_5M_A3_0_NSBH_SFHo_uniform_chi_0_1.csv,F5M,fiducial_5M,A3_0,3.000000000000e+00,NSBH SFHo uniform chi,NSBH,SFHo,uniform_chi_0_1,750,1.000000000000e-02,1.499000000000e+01
fiducial_5M_A5_0_BNS.csv,F5M,fiducial_5M,A5_0,5.000000000000e+00,BNS,BNS,,,750,1.000000000000e-02,1.499000000000e+01
fiducial_5M_A5_0_NSBH_uncut.csv,F5M,fiducial_5M,A5_0,5.000000000000e+00,NSBH,NSBH,,uncut,750,1.000000000000e-02,1.499000000000e+01
fiducial_5M_A5_0_NSBH_DD2_fixed_chi_0.csv,F5M,fiducial_5M,A5_0,5.000000000000e+00,NSBH DD2 fixed chi,NSBH,DD2,fixed_chi_0,750,1.000000000000e-02,1.499000000000e+01
fiducial_5M_A5_0_NSBH_DD2_uniform_chi_0_1.csv,F5M,fiducial_5M,A5_0,5.000000000000e+00,NSBH DD2 uniform chi,NSBH,DD2,uniform_chi_0_1,750,1.000000000000e-02,1.499000000000e+01
fiducial_5M_A5_0_NSBH_SFHo_fixed_chi_0.csv,F5M,fiducial_5M,A5_0,5.000000000000e+00,NSBH SFHo fixed chi,NSBH,SFHo,fixed_chi_0,750,1.000000000000e-02,1.499000000000e+01
fiducial_5M_A5_0_NSBH_SFHo_uniform_chi_0_1.csv,F5M,fiducial_5M,A5_0,5.000000000000e+00,NSBH SFHo uniform chi,NSBH,SFHo,uniform_chi_0_1,750,1.000000000000e-02,1.499000000000e+01
fmtbse_A0_5_BNS.csv,RBSE,fmtbse,A0_5,5.000000000000e-01,BNS,BNS,,,750,1.000000000000e-02,1.499000000000e+01
fmtbse_A0_5_NSBH_uncut.csv,RBSE,fmtbse,A0_5,5.000000000000e-01,NSBH,NSBH,,uncut,750,1.000000000000e-02,1.499000000000e+01
fmtbse_A0_5_NSBH_DD2_fixed_chi_0.csv,RBSE,fmtbse,A0_5,5.000000000000e-01,NSBH DD2 fixed chi,NSBH,DD2,fixed_chi_0,750,1.000000000000e-02,1.499000000000e+01
fmtbse_A0_5_NSBH_DD2_uniform_chi_0_1.csv,RBSE,fmtbse,A0_5,5.000000000000e-01,NSBH DD2 uniform chi,NSBH,DD2,uniform_chi_0_1,750,1.000000000000e-02,1.499000000000e+01
fmtbse_A0_5_NSBH_SFHo_fixed_chi_0.csv,RBSE,fmtbse,A0_5,5.000000000000e-01,NSBH SFHo fixed chi,NSBH,SFHo,fixed_chi_0,750,1.000000000000e-02,1.499000000000e+01
fmtbse_A0_5_NSBH_SFHo_uniform_chi_0_1.csv,RBSE,fmtbse,A0_5,5.000000000000e-01,NSBH SFHo uniform chi,NSBH,SFHo,uniform_chi_0_1,750,1.000000000000e-02,1.499000000000e+01
fmtbse_A1_0_BNS.csv,RBSE,fmtbse,A1_0,1.000000000000e+00,BNS,BNS,,,750,1.000000000000e-02,1.499000000000e+01
fmtbse_A1_0_NSBH_uncut.csv,RBSE,fmtbse,A1_0,1.000000000000e+00,NSBH,NSBH,,uncut,750,1.000000000000e-02,1.499000000000e+01
fmtbse_A1_0_NSBH_DD2_fixed_chi_0.csv,RBSE,fmtbse,A1_0,1.000000000000e+00,NSBH DD2 fixed chi,NSBH,DD2,fixed_chi_0,750,1.000000000000e-02,1.499000000000e+01
fmtbse_A1_0_NSBH_DD2_uniform_chi_0_1.csv,RBSE,fmtbse,A1_0,1.000000000000e+00,NSBH DD2 uniform chi,NSBH,DD2,uniform_chi_0_1,750,1.000000000000e-02,1.499000000000e+01
fmtbse_A1_0_NSBH_SFHo_fixed_chi_0.csv,RBSE,fmtbse,A1_0,1.000000000000e+00,NSBH SFHo fixed chi,NSBH,SFHo,fixed_chi_0,750,1.000000000000e-02,1.499000000000e+01
fmtbse_A1_0_NSBH_SFHo_uniform_chi_0_1.csv,RBSE,fmtbse,A1_0,1.000000000000e+00,NSBH SFHo uniform chi,NSBH,SFHo,uniform_chi_0_1,750,1.000000000000e-02,1.499000000000e+01
fmtbse_A3_0_BNS.csv,RBSE,fmtbse,A3_0,3.000000000000e+00,BNS,BNS,,,750,1.000000000000e-02,1.499000000000e+01
fmtbse_A3_0_NSBH_uncut.csv,RBSE,fmtbse,A3_0,3.000000000000e+00,NSBH,NSBH,,uncut,750,1.000000000000e-02,1.499000000000e+01
fmtbse_A3_0_NSBH_DD2_fixed_chi_0.csv,RBSE,fmtbse,A3_0,3.000000000000e+00,NSBH DD2 fixed chi,NSBH,DD2,fixed_chi_0,750,1.000000000000e-02,1.499000000000e+01
fmtbse_A3_0_NSBH_DD2_uniform_chi_0_1.csv,RBSE,fmtbse,A3_0,3.000000000000e+00,NSBH DD2 uniform chi,NSBH,DD2,uniform_chi_0_1,750,1.000000000000e-02,1.499000000000e+01
fmtbse_A3_0_NSBH_SFHo_fixed_chi_0.csv,RBSE,fmtbse,A3_0,3.000000000000e+00,NSBH SFHo fixed chi,NSBH,SFHo,fixed_chi_0,750,1.000000000000e-02,1.499000000000e+01
fmtbse_A3_0_NSBH_SFHo_uniform_chi_0_1.csv,RBSE,fmtbse,A3_0,3.000000000000e+00,NSBH SFHo uniform chi,NSBH,SFHo,uniform_chi_0_1,750,1.000000000000e-02,1.499000000000e+01
fmtbse_A5_0_BNS.csv,RBSE,fmtbse,A5_0,5.000000000000e+00,BNS,BNS,,,750,1.000000000000e-02,1.499000000000e+01
fmtbse_A5_0_NSBH_uncut.csv,RBSE,fmtbse,A5_0,5.000000000000e+00,NSBH,NSBH,,uncut,750,1.000000000000e-02,1.499000000000e+01
fmtbse_A5_0_NSBH_DD2_fixed_chi_0.csv,RBSE,fmtbse,A5_0,5.000000000000e+00,NSBH DD2 fixed chi,NSBH,DD2,fixed_chi_0,750,1.000000000000e-02,1.499000000000e+01
fmtbse_A5_0_NSBH_DD2_uniform_chi_0_1.csv,RBSE,fmtbse,A5_0,5.000000000000e+00,NSBH DD2 uniform chi,NSBH,DD2,uniform_chi_0_1,750,1.000000000000e-02,1.499000000000e+01
fmtbse_A5_0_NSBH_SFHo_fixed_chi_0.csv,RBSE,fmtbse,A5_0,5.000000000000e+00,NSBH SFHo fixed chi,NSBH,SFHo,fixed_chi_0,750,1.000000000000e-02,1.499000000000e+01
fmtbse_A5_0_NSBH_SFHo_uniform_chi_0_1.csv,RBSE,fmtbse,A5_0,5.000000000000e+00,NSBH SFHo uniform chi,NSBH,SFHo,uniform_chi_0_1,750,1.000000000000e-02,1.499000000000e+01
kick150_A0_5_BNS.csv,K150,kick150,A0_5,5.000000000000e-01,BNS,BNS,,,750,1.000000000000e-02,1.499000000000e+01
kick150_A0_5_NSBH_uncut.csv,K150,kick150,A0_5,5.000000000000e-01,NSBH,NSBH,,uncut,750,1.000000000000e-02,1.499000000000e+01
kick150_A0_5_NSBH_DD2_fixed_chi_0.csv,K150,kick150,A0_5,5.000000000000e-01,NSBH DD2 fixed chi,NSBH,DD2,fixed_chi_0,750,1.000000000000e-02,1.499000000000e+01
kick150_A0_5_NSBH_DD2_uniform_chi_0_1.csv,K150,kick150,A0_5,5.000000000000e-01,NSBH DD2 uniform chi,NSBH,DD2,uniform_chi_0_1,750,1.000000000000e-02,1.499000000000e+01
kick150_A0_5_NSBH_SFHo_fixed_chi_0.csv,K150,kick150,A0_5,5.000000000000e-01,NSBH SFHo fixed chi,NSBH,SFHo,fixed_chi_0,750,1.000000000000e-02,1.499000000000e+01
kick150_A0_5_NSBH_SFHo_uniform_chi_0_1.csv,K150,kick150,A0_5,5.000000000000e-01,NSBH SFHo uniform chi,NSBH,SFHo,uniform_chi_0_1,750,1.000000000000e-02,1.499000000000e+01
kick150_A1_0_BNS.csv,K150,kick150,A1_0,1.000000000000e+00,BNS,BNS,,,750,1.000000000000e-02,1.499000000000e+01
kick150_A1_0_NSBH_uncut.csv,K150,kick150,A1_0,1.000000000000e+00,NSBH,NSBH,,uncut,750,1.000000000000e-02,1.499000000000e+01
kick150_A1_0_NSBH_DD2_fixed_chi_0.csv,K150,kick150,A1_0,1.000000000000e+00,NSBH DD2 fixed chi,NSBH,DD2,fixed_chi_0,750,1.000000000000e-02,1.499000000000e+01
kick150_A1_0_NSBH_DD2_uniform_chi_0_1.csv,K150,kick150,A1_0,1.000000000000e+00,NSBH DD2 uniform chi,NSBH,DD2,uniform_chi_0_1,750,1.000000000000e-02,1.499000000000e+01
kick150_A1_0_NSBH_SFHo_fixed_chi_0.csv,K150,kick150,A1_0,1.000000000000e+00,NSBH SFHo fixed chi,NSBH,SFHo,fixed_chi_0,750,1.000000000000e-02,1.499000000000e+01
kick150_A1_0_NSBH_SFHo_uniform_chi_0_1.csv,K150,kick150,A1_0,1.000000000000e+00,NSBH SFHo uniform chi,NSBH,SFHo,uniform_chi_0_1,750,1.000000000000e-02,1.499000000000e+01
kick150_A3_0_BNS.csv,K150,kick150,A3_0,3.000000000000e+00,BNS,BNS,,,750,1.000000000000e-02,1.499000000000e+01
kick150_A3_0_NSBH_uncut.csv,K150,kick150,A3_0,3.000000000000e+00,NSBH,NSBH,,uncut,750,1.000000000000e-02,1.499000000000e+01
kick150_A3_0_NSBH_DD2_fixed_chi_0.csv,K150,kick150,A3_0,3.000000000000e+00,NSBH DD2 fixed chi,NSBH,DD2,fixed_chi_0,750,1.000000000000e-02,1.499000000000e+01
kick150_A3_0_NSBH_DD2_uniform_chi_0_1.csv,K150,kick150,A3_0,3.000000000000e+00,NSBH DD2 uniform chi,NSBH,DD2,uniform_chi_0_1,750,1.000000000000e-02,1.499000000000e+01
kick150_A3_0_NSBH_SFHo_fixed_chi_0.csv,K150,kick150,A3_0,3.000000000000e+00,NSBH SFHo fixed chi,NSBH,SFHo,fixed_chi_0,750,1.000000000000e-02,1.499000000000e+01
kick150_A3_0_NSBH_SFHo_uniform_chi_0_1.csv,K150,kick150,A3_0,3.000000000000e+00,NSBH SFHo uniform chi,NSBH,SFHo,uniform_chi_0_1,750,1.000000000000e-02,1.499000000000e+01
kick150_A5_0_BNS.csv,K150,kick150,A5_0,5.000000000000e+00,BNS,BNS,,,750,1.000000000000e-02,1.499000000000e+01
kick150_A5_0_NSBH_uncut.csv,K150,kick150,A5_0,5.000000000000e+00,NSBH,NSBH,,uncut,750,1.000000000000e-02,1.499000000000e+01
kick150_A5_0_NSBH_DD2_fixed_chi_0.csv,K150,kick150,A5_0,5.000000000000e+00,NSBH DD2 fixed chi,NSBH,DD2,fixed_chi_0,750,1.000000000000e-02,1.499000000000e+01
kick150_A5_0_NSBH_DD2_uniform_chi_0_1.csv,K150,kick150,A5_0,5.000000000000e+00,NSBH DD2 uniform chi,NSBH,DD2,uniform_chi_0_1,750,1.000000000000e-02,1.499000000000e+01
kick150_A5_0_NSBH_SFHo_fixed_chi_0.csv,K150,kick150,A5_0,5.000000000000e+00,NSBH SFHo fixed chi,NSBH,SFHo,fixed_chi_0,750,1.000000000000e-02,1.499000000000e+01
kick150_A5_0_NSBH_SFHo_uniform_chi_0_1.csv,K150,kick150,A5_0,5.000000000000e+00,NSBH SFHo uniform chi,NSBH,SFHo,uniform_chi_0_1,750,1.000000000000e-02,1.499000000000e+01
kick265_A0_5_BNS.csv,K265,kick265,A0_5,5.000000000000e-01,BNS,BNS,,,750,1.000000000000e-02,1.499000000000e+01
kick265_A0_5_NSBH_uncut.csv,K265,kick265,A0_5,5.000000000000e-01,NSBH,NSBH,,uncut,750,1.000000000000e-02,1.499000000000e+01
kick265_A0_5_NSBH_DD2_fixed_chi_0.csv,K265,kick265,A0_5,5.000000000000e-01,NSBH DD2 fixed chi,NSBH,DD2,fixed_chi_0,750,1.000000000000e-02,1.499000000000e+01
kick265_A0_5_NSBH_DD2_uniform_chi_0_1.csv,K265,kick265,A0_5,5.000000000000e-01,NSBH DD2 uniform chi,NSBH,DD2,uniform_chi_0_1,750,1.000000000000e-02,1.499000000000e+01
kick265_A0_5_NSBH_SFHo_fixed_chi_0.csv,K265,kick265,A0_5,5.000000000000e-01,NSBH SFHo fixed chi,NSBH,SFHo,fixed_chi_0,750,1.000000000000e-02,1.499000000000e+01
kick265_A0_5_NSBH_SFHo_uniform_chi_0_1.csv,K265,kick265,A0_5,5.000000000000e-01,NSBH SFHo uniform chi,NSBH,SFHo,uniform_chi_0_1,750,1.000000000000e-02,1.499000000000e+01
kick265_A1_0_BNS.csv,K265,kick265,A1_0,1.000000000000e+00,BNS,BNS,,,750,1.000000000000e-02,1.499000000000e+01
kick265_A1_0_NSBH_uncut.csv,K265,kick265,A1_0,1.000000000000e+00,NSBH,NSBH,,uncut,750,1.000000000000e-02,1.499000000000e+01
kick265_A1_0_NSBH_DD2_fixed_chi_0.csv,K265,kick265,A1_0,1.000000000000e+00,NSBH DD2 fixed chi,NSBH,DD2,fixed_chi_0,750,1.000000000000e-02,1.499000000000e+01
kick265_A1_0_NSBH_DD2_uniform_chi_0_1.csv,K265,kick265,A1_0,1.000000000000e+00,NSBH DD2 uniform chi,NSBH,DD2,uniform_chi_0_1,750,1.000000000000e-02,1.499000000000e+01
kick265_A1_0_NSBH_SFHo_fixed_chi_0.csv,K265,kick265,A1_0,1.000000000000e+00,NSBH SFHo fixed chi,NSBH,SFHo,fixed_chi_0,750,1.000000000000e-02,1.499000000000e+01
kick265_A1_0_NSBH_SFHo_uniform_chi_0_1.csv,K265,kick265,A1_0,1.000000000000e+00,NSBH SFHo uniform chi,NSBH,SFHo,uniform_chi_0_1,750,1.000000000000e-02,1.499000000000e+01
kick265_A3_0_BNS.csv,K265,kick265,A3_0,3.000000000000e+00,BNS,BNS,,,750,1.000000000000e-02,1.499000000000e+01
kick265_A3_0_NSBH_uncut.csv,K265,kick265,A3_0,3.000000000000e+00,NSBH,NSBH,,uncut,750,1.000000000000e-02,1.499000000000e+01
kick265_A3_0_NSBH_DD2_fixed_chi_0.csv,K265,kick265,A3_0,3.000000000000e+00,NSBH DD2 fixed chi,NSBH,DD2,fixed_chi_0,750,1.000000000000e-02,1.499000000000e+01
kick265_A3_0_NSBH_DD2_uniform_chi_0_1.csv,K265,kick265,A3_0,3.000000000000e+00,NSBH DD2 uniform chi,NSBH,DD2,uniform_chi_0_1,750,1.000000000000e-02,1.499000000000e+01
kick265_A3_0_NSBH_SFHo_fixed_chi_0.csv,K265,kick265,A3_0,3.000000000000e+00,NSBH SFHo fixed chi,NSBH,SFHo,fixed_chi_0,750,1.000000000000e-02,1.499000000000e+01
kick265_A3_0_NSBH_SFHo_uniform_chi_0_1.csv,K265,kick265,A3_0,3.000000000000e+00,NSBH SFHo uniform chi,NSBH,SFHo,uniform_chi_0_1,750,1.000000000000e-02,1.499000000000e+01
kick265_A5_0_BNS.csv,K265,kick265,A5_0,5.000000000000e+00,BNS,BNS,,,750,1.000000000000e-02,1.499000000000e+01
kick265_A5_0_NSBH_uncut.csv,K265,kick265,A5_0,5.000000000000e+00,NSBH,NSBH,,uncut,750,1.000000000000e-02,1.499000000000e+01
kick265_A5_0_NSBH_DD2_fixed_chi_0.csv,K265,kick265,A5_0,5.000000000000e+00,NSBH DD2 fixed chi,NSBH,DD2,fixed_chi_0,750,1.000000000000e-02,1.499000000000e+01
kick265_A5_0_NSBH_DD2_uniform_chi_0_1.csv,K265,kick265,A5_0,5.000000000000e+00,NSBH DD2 uniform chi,NSBH,DD2,uniform_chi_0_1,750,1.000000000000e-02,1.499000000000e+01
kick265_A5_0_NSBH_SFHo_fixed_chi_0.csv,K265,kick265,A5_0,5.000000000000e+00,NSBH SFHo fixed chi,NSBH,SFHo,fixed_chi_0,750,1.000000000000e-02,1.499000000000e+01
kick265_A5_0_NSBH_SFHo_uniform_chi_0_1.csv,K265,kick265,A5_0,5.000000000000e+00,NSBH SFHo uniform chi,NSBH,SFHo,uniform_chi_0_1,750,1.000000000000e-02,1.499000000000e+01
klencki_A0_5_BNS.csv,LK,klencki,A0_5,5.000000000000e-01,BNS,BNS,,,750,1.000000000000e-02,1.499000000000e+01
klencki_A0_5_NSBH_uncut.csv,LK,klencki,A0_5,5.000000000000e-01,NSBH,NSBH,,uncut,750,1.000000000000e-02,1.499000000000e+01
klencki_A0_5_NSBH_DD2_fixed_chi_0.csv,LK,klencki,A0_5,5.000000000000e-01,NSBH DD2 fixed chi,NSBH,DD2,fixed_chi_0,750,1.000000000000e-02,1.499000000000e+01
klencki_A0_5_NSBH_DD2_uniform_chi_0_1.csv,LK,klencki,A0_5,5.000000000000e-01,NSBH DD2 uniform chi,NSBH,DD2,uniform_chi_0_1,750,1.000000000000e-02,1.499000000000e+01
klencki_A0_5_NSBH_SFHo_fixed_chi_0.csv,LK,klencki,A0_5,5.000000000000e-01,NSBH SFHo fixed chi,NSBH,SFHo,fixed_chi_0,750,1.000000000000e-02,1.499000000000e+01
klencki_A0_5_NSBH_SFHo_uniform_chi_0_1.csv,LK,klencki,A0_5,5.000000000000e-01,NSBH SFHo uniform chi,NSBH,SFHo,uniform_chi_0_1,750,1.000000000000e-02,1.499000000000e+01
klencki_A1_0_BNS.csv,LK,klencki,A1_0,1.000000000000e+00,BNS,BNS,,,750,1.000000000000e-02,1.499000000000e+01
klencki_A1_0_NSBH_uncut.csv,LK,klencki,A1_0,1.000000000000e+00,NSBH,NSBH,,uncut,750,1.000000000000e-02,1.499000000000e+01
klencki_A1_0_NSBH_DD2_fixed_chi_0.csv,LK,klencki,A1_0,1.000000000000e+00,NSBH DD2 fixed chi,NSBH,DD2,fixed_chi_0,750,1.000000000000e-02,1.499000000000e+01
klencki_A1_0_NSBH_DD2_uniform_chi_0_1.csv,LK,klencki,A1_0,1.000000000000e+00,NSBH DD2 uniform chi,NSBH,DD2,uniform_chi_0_1,750,1.000000000000e-02,1.499000000000e+01
klencki_A1_0_NSBH_SFHo_fixed_chi_0.csv,LK,klencki,A1_0,1.000000000000e+00,NSBH SFHo fixed chi,NSBH,SFHo,fixed_chi_0,750,1.000000000000e-02,1.499000000000e+01
klencki_A1_0_NSBH_SFHo_uniform_chi_0_1.csv,LK,klencki,A1_0,1.000000000000e+00,NSBH SFHo uniform chi,NSBH,SFHo,uniform_chi_0_1,750,1.000000000000e-02,1.499000000000e+01
klencki_A3_0_BNS.csv,LK,klencki,A3_0,3.000000000000e+00,BNS,BNS,,,750,1.000000000000e-02,1.499000000000e+01
klencki_A3_0_NSBH_uncut.csv,LK,klencki,A3_0,3.000000000000e+00,NSBH,NSBH,,uncut,750,1.000000000000e-02,1.499000000000e+01
klencki_A3_0_NSBH_DD2_fixed_chi_0.csv,LK,klencki,A3_0,3.000000000000e+00,NSBH DD2 fixed chi,NSBH,DD2,fixed_chi_0,750,1.000000000000e-02,1.499000000000e+01
klencki_A3_0_NSBH_DD2_uniform_chi_0_1.csv,LK,klencki,A3_0,3.000000000000e+00,NSBH DD2 uniform chi,NSBH,DD2,uniform_chi_0_1,750,1.000000000000e-02,1.499000000000e+01
klencki_A3_0_NSBH_SFHo_fixed_chi_0.csv,LK,klencki,A3_0,3.000000000000e+00,NSBH SFHo fixed chi,NSBH,SFHo,fixed_chi_0,750,1.000000000000e-02,1.499000000000e+01
klencki_A3_0_NSBH_SFHo_uniform_chi_0_1.csv,LK,klencki,A3_0,3.000000000000e+00,NSBH SFHo uniform chi,NSBH,SFHo,uniform_chi_0_1,750,1.000000000000e-02,1.499000000000e+01
klencki_A5_0_BNS.csv,LK,klencki,A5_0,5.000000000000e+00,BNS,BNS,,,750,1.000000000000e-02,1.499000000000e+01
klencki_A5_0_NSBH_uncut.csv,LK,klencki,A5_0,5.000000000000e+00,NSBH,NSBH,,uncut,750,1.000000000000e-02,1.499000000000e+01
klencki_A5_0_NSBH_DD2_fixed_chi_0.csv,LK,klencki,A5_0,5.000000000000e+00,NSBH DD2 fixed chi,NSBH,DD2,fixed_chi_0,750,1.000000000000e-02,1.499000000000e+01
klencki_A5_0_NSBH_DD2_uniform_chi_0_1.csv,LK,klencki,A5_0,5.000000000000e+00,NSBH DD2 uniform chi,NSBH,DD2,uniform_chi_0_1,750,1.000000000000e-02,1.499000000000e+01
klencki_A5_0_NSBH_SFHo_fixed_chi_0.csv,LK,klencki,A5_0,5.000000000000e+00,NSBH SFHo fixed chi,NSBH,SFHo,fixed_chi_0,750,1.000000000000e-02,1.499000000000e+01
klencki_A5_0_NSBH_SFHo_uniform_chi_0_1.csv,LK,klencki,A5_0,5.000000000000e+00,NSBH SFHo uniform chi,NSBH,SFHo,uniform_chi_0_1,750,1.000000000000e-02,1.499000000000e+01
l01_A0_5_BNS.csv,LC,l01,A0_5,5.000000000000e-01,BNS,BNS,,,750,1.000000000000e-02,1.499000000000e+01
l01_A0_5_NSBH_uncut.csv,LC,l01,A0_5,5.000000000000e-01,NSBH,NSBH,,uncut,750,1.000000000000e-02,1.499000000000e+01
l01_A0_5_NSBH_DD2_fixed_chi_0.csv,LC,l01,A0_5,5.000000000000e-01,NSBH DD2 fixed chi,NSBH,DD2,fixed_chi_0,750,1.000000000000e-02,1.499000000000e+01
l01_A0_5_NSBH_DD2_uniform_chi_0_1.csv,LC,l01,A0_5,5.000000000000e-01,NSBH DD2 uniform chi,NSBH,DD2,uniform_chi_0_1,750,1.000000000000e-02,1.499000000000e+01
l01_A0_5_NSBH_SFHo_fixed_chi_0.csv,LC,l01,A0_5,5.000000000000e-01,NSBH SFHo fixed chi,NSBH,SFHo,fixed_chi_0,750,1.000000000000e-02,1.499000000000e+01
l01_A0_5_NSBH_SFHo_uniform_chi_0_1.csv,LC,l01,A0_5,5.000000000000e-01,NSBH SFHo uniform chi,NSBH,SFHo,uniform_chi_0_1,750,1.000000000000e-02,1.499000000000e+01
l01_A1_0_BNS.csv,LC,l01,A1_0,1.000000000000e+00,BNS,BNS,,,750,1.000000000000e-02,1.499000000000e+01
l01_A1_0_NSBH_uncut.csv,LC,l01,A1_0,1.000000000000e+00,NSBH,NSBH,,uncut,750,1.000000000000e-02,1.499000000000e+01
l01_A1_0_NSBH_DD2_fixed_chi_0.csv,LC,l01,A1_0,1.000000000000e+00,NSBH DD2 fixed chi,NSBH,DD2,fixed_chi_0,750,1.000000000000e-02,1.499000000000e+01
l01_A1_0_NSBH_DD2_uniform_chi_0_1.csv,LC,l01,A1_0,1.000000000000e+00,NSBH DD2 uniform chi,NSBH,DD2,uniform_chi_0_1,750,1.000000000000e-02,1.499000000000e+01
l01_A1_0_NSBH_SFHo_fixed_chi_0.csv,LC,l01,A1_0,1.000000000000e+00,NSBH SFHo fixed chi,NSBH,SFHo,fixed_chi_0,750,1.000000000000e-02,1.499000000000e+01
l01_A1_0_NSBH_SFHo_uniform_chi_0_1.csv,LC,l01,A1_0,1.000000000000e+00,NSBH SFHo uniform chi,NSBH,SFHo,uniform_chi_0_1,750,1.000000000000e-02,1.499000000000e+01
l01_A3_0_BNS.csv,LC,l01,A3_0,3.000000000000e+00,BNS,BNS,,,750,1.000000000000e-02,1.499000000000e+01
l01_A3_0_NSBH_uncut.csv,LC,l01,A3_0,3.000000000000e+00,NSBH,NSBH,,uncut,750,1.000000000000e-02,1.499000000000e+01
l01_A3_0_NSBH_DD2_fixed_chi_0.csv,LC,l01,A3_0,3.000000000000e+00,NSBH DD2 fixed chi,NSBH,DD2,fixed_chi_0,750,1.000000000000e-02,1.499000000000e+01
l01_A3_0_NSBH_DD2_uniform_chi_0_1.csv,LC,l01,A3_0,3.000000000000e+00,NSBH DD2 uniform chi,NSBH,DD2,uniform_chi_0_1,750,1.000000000000e-02,1.499000000000e+01
l01_A3_0_NSBH_SFHo_fixed_chi_0.csv,LC,l01,A3_0,3.000000000000e+00,NSBH SFHo fixed chi,NSBH,SFHo,fixed_chi_0,750,1.000000000000e-02,1.499000000000e+01
l01_A3_0_NSBH_SFHo_uniform_chi_0_1.csv,LC,l01,A3_0,3.000000000000e+00,NSBH SFHo uniform chi,NSBH,SFHo,uniform_chi_0_1,750,1.000000000000e-02,1.499000000000e+01
l01_A5_0_BNS.csv,LC,l01,A5_0,5.000000000000e+00,BNS,BNS,,,750,1.000000000000e-02,1.499000000000e+01
l01_A5_0_NSBH_uncut.csv,LC,l01,A5_0,5.000000000000e+00,NSBH,NSBH,,uncut,750,1.000000000000e-02,1.499000000000e+01
l01_A5_0_NSBH_DD2_fixed_chi_0.csv,LC,l01,A5_0,5.000000000000e+00,NSBH DD2 fixed chi,NSBH,DD2,fixed_chi_0,750,1.000000000000e-02,1.499000000000e+01
l01_A5_0_NSBH_DD2_uniform_chi_0_1.csv,LC,l01,A5_0,5.000000000000e+00,NSBH DD2 uniform chi,NSBH,DD2,uniform_chi_0_1,750,1.000000000000e-02,1.499000000000e+01
l01_A5_0_NSBH_SFHo_fixed_chi_0.csv,LC,l01,A5_0,5.000000000000e+00,NSBH SFHo fixed chi,NSBH,SFHo,fixed_chi_0,750,1.000000000000e-02,1.499000000000e+01
l01_A5_0_NSBH_SFHo_uniform_chi_0_1.csv,LC,l01,A5_0,5.000000000000e+00,NSBH SFHo uniform chi,NSBH,SFHo,uniform_chi_0_1,750,1.000000000000e-02,1.499000000000e+01
no_tides_A0_5_BNS.csv,NT,no_tides,A0_5,5.000000000000e-01,BNS,BNS,,,750,1.000000000000e-02,1.499000000000e+01
no_tides_A0_5_NSBH_uncut.csv,NT,no_tides,A0_5,5.000000000000e-01,NSBH,NSBH,,uncut,750,1.000000000000e-02,1.499000000000e+01
no_tides_A0_5_NSBH_DD2_fixed_chi_0.csv,NT,no_tides,A0_5,5.000000000000e-01,NSBH DD2 fixed chi,NSBH,DD2,fixed_chi_0,750,1.000000000000e-02,1.499000000000e+01
no_tides_A0_5_NSBH_DD2_uniform_chi_0_1.csv,NT,no_tides,A0_5,5.000000000000e-01,NSBH DD2 uniform chi,NSBH,DD2,uniform_chi_0_1,750,1.000000000000e-02,1.499000000000e+01
no_tides_A0_5_NSBH_SFHo_fixed_chi_0.csv,NT,no_tides,A0_5,5.000000000000e-01,NSBH SFHo fixed chi,NSBH,SFHo,fixed_chi_0,750,1.000000000000e-02,1.499000000000e+01
no_tides_A0_5_NSBH_SFHo_uniform_chi_0_1.csv,NT,no_tides,A0_5,5.000000000000e-01,NSBH SFHo uniform chi,NSBH,SFHo,uniform_chi_0_1,750,1.000000000000e-02,1.499000000000e+01
no_tides_A1_0_BNS.csv,NT,no_tides,A1_0,1.000000000000e+00,BNS,BNS,,,750,1.000000000000e-02,1.499000000000e+01
no_tides_A1_0_NSBH_uncut.csv,NT,no_tides,A1_0,1.000000000000e+00,NSBH,NSBH,,uncut,750,1.000000000000e-02,1.499000000000e+01
no_tides_A1_0_NSBH_DD2_fixed_chi_0.csv,NT,no_tides,A1_0,1.000000000000e+00,NSBH DD2 fixed chi,NSBH,DD2,fixed_chi_0,750,1.000000000000e-02,1.499000000000e+01
no_tides_A1_0_NSBH_DD2_uniform_chi_0_1.csv,NT,no_tides,A1_0,1.000000000000e+00,NSBH DD2 uniform chi,NSBH,DD2,uniform_chi_0_1,750,1.000000000000e-02,1.499000000000e+01
no_tides_A1_0_NSBH_SFHo_fixed_chi_0.csv,NT,no_tides,A1_0,1.000000000000e+00,NSBH SFHo fixed chi,NSBH,SFHo,fixed_chi_0,750,1.000000000000e-02,1.499000000000e+01
no_tides_A1_0_NSBH_SFHo_uniform_chi_0_1.csv,NT,no_tides,A1_0,1.000000000000e+00,NSBH SFHo uniform chi,NSBH,SFHo,uniform_chi_0_1,750,1.000000000000e-02,1.499000000000e+01
no_tides_A3_0_BNS.csv,NT,no_tides,A3_0,3.000000000000e+00,BNS,BNS,,,750,1.000000000000e-02,1.499000000000e+01
no_tides_A3_0_NSBH_uncut.csv,NT,no_tides,A3_0,3.000000000000e+00,NSBH,NSBH,,uncut,750,1.000000000000e-02,1.499000000000e+01
no_tides_A3_0_NSBH_DD2_fixed_chi_0.csv,NT,no_tides,A3_0,3.000000000000e+00,NSBH DD2 fixed chi,NSBH,DD2,fixed_chi_0,750,1.000000000000e-02,1.499000000000e+01
no_tides_A3_0_NSBH_DD2_uniform_chi_0_1.csv,NT,no_tides,A3_0,3.000000000000e+00,NSBH DD2 uniform chi,NSBH,DD2,uniform_chi_0_1,750,1.000000000000e-02,1.499000000000e+01
no_tides_A3_0_NSBH_SFHo_fixed_chi_0.csv,NT,no_tides,A3_0,3.000000000000e+00,NSBH SFHo fixed chi,NSBH,SFHo,fixed_chi_0,750,1.000000000000e-02,1.499000000000e+01
no_tides_A3_0_NSBH_SFHo_uniform_chi_0_1.csv,NT,no_tides,A3_0,3.000000000000e+00,NSBH SFHo uniform chi,NSBH,SFHo,uniform_chi_0_1,750,1.000000000000e-02,1.499000000000e+01
no_tides_A5_0_BNS.csv,NT,no_tides,A5_0,5.000000000000e+00,BNS,BNS,,,750,1.000000000000e-02,1.499000000000e+01
no_tides_A5_0_NSBH_uncut.csv,NT,no_tides,A5_0,5.000000000000e+00,NSBH,NSBH,,uncut,750,1.000000000000e-02,1.499000000000e+01
no_tides_A5_0_NSBH_DD2_fixed_chi_0.csv,NT,no_tides,A5_0,5.000000000000e+00,NSBH DD2 fixed chi,NSBH,DD2,fixed_chi_0,750,1.000000000000e-02,1.499000000000e+01
no_tides_A5_0_NSBH_DD2_uniform_chi_0_1.csv,NT,no_tides,A5_0,5.000000000000e+00,NSBH DD2 uniform chi,NSBH,DD2,uniform_chi_0_1,750,1.000000000000e-02,1.499000000000e+01
no_tides_A5_0_NSBH_SFHo_fixed_chi_0.csv,NT,no_tides,A5_0,5.000000000000e+00,NSBH SFHo fixed chi,NSBH,SFHo,fixed_chi_0,750,1.000000000000e-02,1.499000000000e+01
no_tides_A5_0_NSBH_SFHo_uniform_chi_0_1.csv,NT,no_tides,A5_0,5.000000000000e+00,NSBH SFHo uniform chi,NSBH,SFHo,uniform_chi_0_1,750,1.000000000000e-02,1.499000000000e+01
no_tides_pericirc_A0_5_BNS.csv,NTC,no_tides_pericirc,A0_5,5.000000000000e-01,BNS,BNS,,,750,1.000000000000e-02,1.499000000000e+01
no_tides_pericirc_A0_5_NSBH_uncut.csv,NTC,no_tides_pericirc,A0_5,5.000000000000e-01,NSBH,NSBH,,uncut,750,1.000000000000e-02,1.499000000000e+01
no_tides_pericirc_A0_5_NSBH_DD2_fixed_chi_0.csv,NTC,no_tides_pericirc,A0_5,5.000000000000e-01,NSBH DD2 fixed chi,NSBH,DD2,fixed_chi_0,750,1.000000000000e-02,1.499000000000e+01
no_tides_pericirc_A0_5_NSBH_DD2_uniform_chi_0_1.csv,NTC,no_tides_pericirc,A0_5,5.000000000000e-01,NSBH DD2 uniform chi,NSBH,DD2,uniform_chi_0_1,750,1.000000000000e-02,1.499000000000e+01
no_tides_pericirc_A0_5_NSBH_SFHo_fixed_chi_0.csv,NTC,no_tides_pericirc,A0_5,5.000000000000e-01,NSBH SFHo fixed chi,NSBH,SFHo,fixed_chi_0,750,1.000000000000e-02,1.499000000000e+01
no_tides_pericirc_A0_5_NSBH_SFHo_uniform_chi_0_1.csv,NTC,no_tides_pericirc,A0_5,5.000000000000e-01,NSBH SFHo uniform chi,NSBH,SFHo,uniform_chi_0_1,750,1.000000000000e-02,1.499000000000e+01
no_tides_pericirc_A1_0_BNS.csv,NTC,no_tides_pericirc,A1_0,1.000000000000e+00,BNS,BNS,,,750,1.000000000000e-02,1.499000000000e+01
no_tides_pericirc_A1_0_NSBH_uncut.csv,NTC,no_tides_pericirc,A1_0,1.000000000000e+00,NSBH,NSBH,,uncut,750,1.000000000000e-02,1.499000000000e+01
no_tides_pericirc_A1_0_NSBH_DD2_fixed_chi_0.csv,NTC,no_tides_pericirc,A1_0,1.000000000000e+00,NSBH DD2 fixed chi,NSBH,DD2,fixed_chi_0,750,1.000000000000e-02,1.499000000000e+01
no_tides_pericirc_A1_0_NSBH_DD2_uniform_chi_0_1.csv,NTC,no_tides_pericirc,A1_0,1.000000000000e+00,NSBH DD2 uniform chi,NSBH,DD2,uniform_chi_0_1,750,1.000000000000e-02,1.499000000000e+01
no_tides_pericirc_A1_0_NSBH_SFHo_fixed_chi_0.csv,NTC,no_tides_pericirc,A1_0,1.000000000000e+00,NSBH SFHo fixed chi,NSBH,SFHo,fixed_chi_0,750,1.000000000000e-02,1.499000000000e+01
no_tides_pericirc_A1_0_NSBH_SFHo_uniform_chi_0_1.csv,NTC,no_tides_pericirc,A1_0,1.000000000000e+00,NSBH SFHo uniform chi,NSBH,SFHo,uniform_chi_0_1,750,1.000000000000e-02,1.499000000000e+01
no_tides_pericirc_A3_0_BNS.csv,NTC,no_tides_pericirc,A3_0,3.000000000000e+00,BNS,BNS,,,750,1.000000000000e-02,1.499000000000e+01
no_tides_pericirc_A3_0_NSBH_uncut.csv,NTC,no_tides_pericirc,A3_0,3.000000000000e+00,NSBH,NSBH,,uncut,750,1.000000000000e-02,1.499000000000e+01
no_tides_pericirc_A3_0_NSBH_DD2_fixed_chi_0.csv,NTC,no_tides_pericirc,A3_0,3.000000000000e+00,NSBH DD2 fixed chi,NSBH,DD2,fixed_chi_0,750,1.000000000000e-02,1.499000000000e+01
no_tides_pericirc_A3_0_NSBH_DD2_uniform_chi_0_1.csv,NTC,no_tides_pericirc,A3_0,3.000000000000e+00,NSBH DD2 uniform chi,NSBH,DD2,uniform_chi_0_1,750,1.000000000000e-02,1.499000000000e+01
no_tides_pericirc_A3_0_NSBH_SFHo_fixed_chi_0.csv,NTC,no_tides_pericirc,A3_0,3.000000000000e+00,NSBH SFHo fixed chi,NSBH,SFHo,fixed_chi_0,750,1.000000000000e-02,1.499000000000e+01
no_tides_pericirc_A3_0_NSBH_SFHo_uniform_chi_0_1.csv,NTC,no_tides_pericirc,A3_0,3.000000000000e+00,NSBH SFHo uniform chi,NSBH,SFHo,uniform_chi_0_1,750,1.000000000000e-02,1.499000000000e+01
no_tides_pericirc_A5_0_BNS.csv,NTC,no_tides_pericirc,A5_0,5.000000000000e+00,BNS,BNS,,,750,1.000000000000e-02,1.499000000000e+01
no_tides_pericirc_A5_0_NSBH_uncut.csv,NTC,no_tides_pericirc,A5_0,5.000000000000e+00,NSBH,NSBH,,uncut,750,1.000000000000e-02,1.499000000000e+01
no_tides_pericirc_A5_0_NSBH_DD2_fixed_chi_0.csv,NTC,no_tides_pericirc,A5_0,5.000000000000e+00,NSBH DD2 fixed chi,NSBH,DD2,fixed_chi_0,750,1.000000000000e-02,1.499000000000e+01
no_tides_pericirc_A5_0_NSBH_DD2_uniform_chi_0_1.csv,NTC,no_tides_pericirc,A5_0,5.000000000000e+00,NSBH DD2 uniform chi,NSBH,DD2,uniform_chi_0_1,750,1.000000000000e-02,1.499000000000e+01
no_tides_pericirc_A5_0_NSBH_SFHo_fixed_chi_0.csv,NTC,no_tides_pericirc,A5_0,5.000000000000e+00,NSBH SFHo fixed chi,NSBH,SFHo,fixed_chi_0,750,1.000000000000e-02,1.499000000000e+01
no_tides_pericirc_A5_0_NSBH_SFHo_uniform_chi_0_1.csv,NTC,no_tides_pericirc,A5_0,5.000000000000e+00,NSBH SFHo uniform chi,NSBH,SFHo,uniform_chi_0_1,750,1.000000000000e-02,1.499000000000e+01
qcbse_A0_5_BNS.csv,QCBSE,qcbse,A0_5,5.000000000000e-01,BNS,BNS,,,750,1.000000000000e-02,1.499000000000e+01
qcbse_A0_5_NSBH_uncut.csv,QCBSE,qcbse,A0_5,5.000000000000e-01,NSBH,NSBH,,uncut,750,1.000000000000e-02,1.499000000000e+01
qcbse_A0_5_NSBH_DD2_fixed_chi_0.csv,QCBSE,qcbse,A0_5,5.000000000000e-01,NSBH DD2 fixed chi,NSBH,DD2,fixed_chi_0,750,1.000000000000e-02,1.499000000000e+01
qcbse_A0_5_NSBH_DD2_uniform_chi_0_1.csv,QCBSE,qcbse,A0_5,5.000000000000e-01,NSBH DD2 uniform chi,NSBH,DD2,uniform_chi_0_1,750,1.000000000000e-02,1.499000000000e+01
qcbse_A0_5_NSBH_SFHo_fixed_chi_0.csv,QCBSE,qcbse,A0_5,5.000000000000e-01,NSBH SFHo fixed chi,NSBH,SFHo,fixed_chi_0,750,1.000000000000e-02,1.499000000000e+01
qcbse_A0_5_NSBH_SFHo_uniform_chi_0_1.csv,QCBSE,qcbse,A0_5,5.000000000000e-01,NSBH SFHo uniform chi,NSBH,SFHo,uniform_chi_0_1,750,1.000000000000e-02,1.499000000000e+01
qcbse_A1_0_BNS.csv,QCBSE,qcbse,A1_0,1.000000000000e+00,BNS,BNS,,,750,1.000000000000e-02,1.499000000000e+01
qcbse_A1_0_NSBH_uncut.csv,QCBSE,qcbse,A1_0,1.000000000000e+00,NSBH,NSBH,,uncut,750,1.000000000000e-02,1.499000000000e+01
qcbse_A1_0_NSBH_DD2_fixed_chi_0.csv,QCBSE,qcbse,A1_0,1.000000000000e+00,NSBH DD2 fixed chi,NSBH,DD2,fixed_chi_0,750,1.000000000000e-02,1.499000000000e+01
qcbse_A1_0_NSBH_DD2_uniform_chi_0_1.csv,QCBSE,qcbse,A1_0,1.000000000000e+00,NSBH DD2 uniform chi,NSBH,DD2,uniform_chi_0_1,750,1.000000000000e-02,1.499000000000e+01
qcbse_A1_0_NSBH_SFHo_fixed_chi_0.csv,QCBSE,qcbse,A1_0,1.000000000000e+00,NSBH SFHo fixed chi,NSBH,SFHo,fixed_chi_0,750,1.000000000000e-02,1.499000000000e+01
qcbse_A1_0_NSBH_SFHo_uniform_chi_0_1.csv,QCBSE,qcbse,A1_0,1.000000000000e+00,NSBH SFHo uniform chi,NSBH,SFHo,uniform_chi_0_1,750,1.000000000000e-02,1.499000000000e+01
qcbse_A3_0_BNS.csv,QCBSE,qcbse,A3_0,3.000000000000e+00,BNS,BNS,,,750,1.000000000000e-02,1.499000000000e+01
qcbse_A3_0_NSBH_uncut.csv,QCBSE,qcbse,A3_0,3.000000000000e+00,NSBH,NSBH,,uncut,750,1.000000000000e-02,1.499000000000e+01
qcbse_A3_0_NSBH_DD2_fixed_chi_0.csv,QCBSE,qcbse,A3_0,3.000000000000e+00,NSBH DD2 fixed chi,NSBH,DD2,fixed_chi_0,750,1.000000000000e-02,1.499000000000e+01
qcbse_A3_0_NSBH_DD2_uniform_chi_0_1.csv,QCBSE,qcbse,A3_0,3.000000000000e+00,NSBH DD2 uniform chi,NSBH,DD2,uniform_chi_0_1,750,1.000000000000e-02,1.499000000000e+01
qcbse_A3_0_NSBH_SFHo_fixed_chi_0.csv,QCBSE,qcbse,A3_0,3.000000000000e+00,NSBH SFHo fixed chi,NSBH,SFHo,fixed_chi_0,750,1.000000000000e-02,1.499000000000e+01
qcbse_A3_0_NSBH_SFHo_uniform_chi_0_1.csv,QCBSE,qcbse,A3_0,3.000000000000e+00,NSBH SFHo uniform chi,NSBH,SFHo,uniform_chi_0_1,750,1.000000000000e-02,1.499000000000e+01
qcbse_A5_0_BNS.csv,QCBSE,qcbse,A5_0,5.000000000000e+00,BNS,BNS,,,750,1.000000000000e-02,1.499000000000e+01
qcbse_A5_0_NSBH_uncut.csv,QCBSE,qcbse,A5_0,5.000000000000e+00,NSBH,NSBH,,uncut,750,1.000000000000e-02,1.499000000000e+01
qcbse_A5_0_NSBH_DD2_fixed_chi_0.csv,QCBSE,qcbse,A5_0,5.000000000000e+00,NSBH DD2 fixed chi,NSBH,DD2,fixed_chi_0,750,1.000000000000e-02,1.499000000000e+01
qcbse_A5_0_NSBH_DD2_uniform_chi_0_1.csv,QCBSE,qcbse,A5_0,5.000000000000e+00,NSBH DD2 uniform chi,NSBH,DD2,uniform_chi_0_1,750,1.000000000000e-02,1.499000000000e+01
qcbse_A5_0_NSBH_SFHo_fixed_chi_0.csv,QCBSE,qcbse,A5_0,5.000000000000e+00,NSBH SFHo fixed chi,NSBH,SFHo,fixed_chi_0,750,1.000000000000e-02,1.499000000000e+01
qcbse_A5_0_NSBH_SFHo_uniform_chi_0_1.csv,QCBSE,qcbse,A5_0,5.000000000000e+00,NSBH SFHo uniform chi,NSBH,SFHo,uniform_chi_0_1,750,1.000000000000e-02,1.499000000000e+01
qhe_A0_5_BNS.csv,QHE,qhe,A0_5,5.000000000000e-01,BNS,BNS,,,750,1.000000000000e-02,1.499000000000e+01
qhe_A0_5_NSBH_uncut.csv,QHE,qhe,A0_5,5.000000000000e-01,NSBH,NSBH,,uncut,750,1.000000000000e-02,1.499000000000e+01
qhe_A0_5_NSBH_DD2_fixed_chi_0.csv,QHE,qhe,A0_5,5.000000000000e-01,NSBH DD2 fixed chi,NSBH,DD2,fixed_chi_0,750,1.000000000000e-02,1.499000000000e+01
qhe_A0_5_NSBH_DD2_uniform_chi_0_1.csv,QHE,qhe,A0_5,5.000000000000e-01,NSBH DD2 uniform chi,NSBH,DD2,uniform_chi_0_1,750,1.000000000000e-02,1.499000000000e+01
qhe_A0_5_NSBH_SFHo_fixed_chi_0.csv,QHE,qhe,A0_5,5.000000000000e-01,NSBH SFHo fixed chi,NSBH,SFHo,fixed_chi_0,750,1.000000000000e-02,1.499000000000e+01
qhe_A0_5_NSBH_SFHo_uniform_chi_0_1.csv,QHE,qhe,A0_5,5.000000000000e-01,NSBH SFHo uniform chi,NSBH,SFHo,uniform_chi_0_1,750,1.000000000000e-02,1.499000000000e+01
qhe_A1_0_BNS.csv,QHE,qhe,A1_0,1.000000000000e+00,BNS,BNS,,,750,1.000000000000e-02,1.499000000000e+01
qhe_A1_0_NSBH_uncut.csv,QHE,qhe,A1_0,1.000000000000e+00,NSBH,NSBH,,uncut,750,1.000000000000e-02,1.499000000000e+01
qhe_A1_0_NSBH_DD2_fixed_chi_0.csv,QHE,qhe,A1_0,1.000000000000e+00,NSBH DD2 fixed chi,NSBH,DD2,fixed_chi_0,750,1.000000000000e-02,1.499000000000e+01
qhe_A1_0_NSBH_DD2_uniform_chi_0_1.csv,QHE,qhe,A1_0,1.000000000000e+00,NSBH DD2 uniform chi,NSBH,DD2,uniform_chi_0_1,750,1.000000000000e-02,1.499000000000e+01
qhe_A1_0_NSBH_SFHo_fixed_chi_0.csv,QHE,qhe,A1_0,1.000000000000e+00,NSBH SFHo fixed chi,NSBH,SFHo,fixed_chi_0,750,1.000000000000e-02,1.499000000000e+01
qhe_A1_0_NSBH_SFHo_uniform_chi_0_1.csv,QHE,qhe,A1_0,1.000000000000e+00,NSBH SFHo uniform chi,NSBH,SFHo,uniform_chi_0_1,750,1.000000000000e-02,1.499000000000e+01
qhe_A3_0_BNS.csv,QHE,qhe,A3_0,3.000000000000e+00,BNS,BNS,,,750,1.000000000000e-02,1.499000000000e+01
qhe_A3_0_NSBH_uncut.csv,QHE,qhe,A3_0,3.000000000000e+00,NSBH,NSBH,,uncut,750,1.000000000000e-02,1.499000000000e+01
qhe_A3_0_NSBH_DD2_fixed_chi_0.csv,QHE,qhe,A3_0,3.000000000000e+00,NSBH DD2 fixed chi,NSBH,DD2,fixed_chi_0,750,1.000000000000e-02,1.499000000000e+01
qhe_A3_0_NSBH_DD2_uniform_chi_0_1.csv,QHE,qhe,A3_0,3.000000000000e+00,NSBH DD2 uniform chi,NSBH,DD2,uniform_chi_0_1,750,1.000000000000e-02,1.499000000000e+01
qhe_A3_0_NSBH_SFHo_fixed_chi_0.csv,QHE,qhe,A3_0,3.000000000000e+00,NSBH SFHo fixed chi,NSBH,SFHo,fixed_chi_0,750,1.000000000000e-02,1.499000000000e+01
qhe_A3_0_NSBH_SFHo_uniform_chi_0_1.csv,QHE,qhe,A3_0,3.000000000000e+00,NSBH SFHo uniform chi,NSBH,SFHo,uniform_chi_0_1,750,1.000000000000e-02,1.499000000000e+01
qhe_A5_0_BNS.csv,QHE,qhe,A5_0,5.000000000000e+00,BNS,BNS,,,750,1.000000000000e-02,1.499000000000e+01
qhe_A5_0_NSBH_uncut.csv,QHE,qhe,A5_0,5.000000000000e+00,NSBH,NSBH,,uncut,750,1.000000000000e-02,1.499000000000e+01
qhe_A5_0_NSBH_DD2_fixed_chi_0.csv,QHE,qhe,A5_0,5.000000000000e+00,NSBH DD2 fixed chi,NSBH,DD2,fixed_chi_0,750,1.000000000000e-02,1.499000000000e+01
qhe_A5_0_NSBH_DD2_uniform_chi_0_1.csv,QHE,qhe,A5_0,5.000000000000e+00,NSBH DD2 uniform chi,NSBH,DD2,uniform_chi_0_1,750,1.000000000000e-02,1.499000000000e+01
qhe_A5_0_NSBH_SFHo_fixed_chi_0.csv,QHE,qhe,A5_0,5.000000000000e+00,NSBH SFHo fixed chi,NSBH,SFHo,fixed_chi_0,750,1.000000000000e-02,1.499000000000e+01
qhe_A5_0_NSBH_SFHo_uniform_chi_0_1.csv,QHE,qhe,A5_0,5.000000000000e+00,NSBH SFHo uniform chi,NSBH,SFHo,uniform_chi_0_1,750,1.000000000000e-02,1.499000000000e+01
rad_A0_5_BNS.csv,QCBB,rad,A0_5,5.000000000000e-01,BNS,BNS,,,750,1.000000000000e-02,1.499000000000e+01
rad_A0_5_NSBH_uncut.csv,QCBB,rad,A0_5,5.000000000000e-01,NSBH,NSBH,,uncut,750,1.000000000000e-02,1.499000000000e+01
rad_A0_5_NSBH_DD2_fixed_chi_0.csv,QCBB,rad,A0_5,5.000000000000e-01,NSBH DD2 fixed chi,NSBH,DD2,fixed_chi_0,750,1.000000000000e-02,1.499000000000e+01
rad_A0_5_NSBH_DD2_uniform_chi_0_1.csv,QCBB,rad,A0_5,5.000000000000e-01,NSBH DD2 uniform chi,NSBH,DD2,uniform_chi_0_1,750,1.000000000000e-02,1.499000000000e+01
rad_A0_5_NSBH_SFHo_fixed_chi_0.csv,QCBB,rad,A0_5,5.000000000000e-01,NSBH SFHo fixed chi,NSBH,SFHo,fixed_chi_0,750,1.000000000000e-02,1.499000000000e+01
rad_A0_5_NSBH_SFHo_uniform_chi_0_1.csv,QCBB,rad,A0_5,5.000000000000e-01,NSBH SFHo uniform chi,NSBH,SFHo,uniform_chi_0_1,750,1.000000000000e-02,1.499000000000e+01
rad_A1_0_BNS.csv,QCBB,rad,A1_0,1.000000000000e+00,BNS,BNS,,,750,1.000000000000e-02,1.499000000000e+01
rad_A1_0_NSBH_uncut.csv,QCBB,rad,A1_0,1.000000000000e+00,NSBH,NSBH,,uncut,750,1.000000000000e-02,1.499000000000e+01
rad_A1_0_NSBH_DD2_fixed_chi_0.csv,QCBB,rad,A1_0,1.000000000000e+00,NSBH DD2 fixed chi,NSBH,DD2,fixed_chi_0,750,1.000000000000e-02,1.499000000000e+01
rad_A1_0_NSBH_DD2_uniform_chi_0_1.csv,QCBB,rad,A1_0,1.000000000000e+00,NSBH DD2 uniform chi,NSBH,DD2,uniform_chi_0_1,750,1.000000000000e-02,1.499000000000e+01
rad_A1_0_NSBH_SFHo_fixed_chi_0.csv,QCBB,rad,A1_0,1.000000000000e+00,NSBH SFHo fixed chi,NSBH,SFHo,fixed_chi_0,750,1.000000000000e-02,1.499000000000e+01
rad_A1_0_NSBH_SFHo_uniform_chi_0_1.csv,QCBB,rad,A1_0,1.000000000000e+00,NSBH SFHo uniform chi,NSBH,SFHo,uniform_chi_0_1,750,1.000000000000e-02,1.499000000000e+01
rad_A3_0_BNS.csv,QCBB,rad,A3_0,3.000000000000e+00,BNS,BNS,,,750,1.000000000000e-02,1.499000000000e+01
rad_A3_0_NSBH_uncut.csv,QCBB,rad,A3_0,3.000000000000e+00,NSBH,NSBH,,uncut,750,1.000000000000e-02,1.499000000000e+01
rad_A3_0_NSBH_DD2_fixed_chi_0.csv,QCBB,rad,A3_0,3.000000000000e+00,NSBH DD2 fixed chi,NSBH,DD2,fixed_chi_0,750,1.000000000000e-02,1.499000000000e+01
rad_A3_0_NSBH_DD2_uniform_chi_0_1.csv,QCBB,rad,A3_0,3.000000000000e+00,NSBH DD2 uniform chi,NSBH,DD2,uniform_chi_0_1,750,1.000000000000e-02,1.499000000000e+01
rad_A3_0_NSBH_SFHo_fixed_chi_0.csv,QCBB,rad,A3_0,3.000000000000e+00,NSBH SFHo fixed chi,NSBH,SFHo,fixed_chi_0,750,1.000000000000e-02,1.499000000000e+01
rad_A3_0_NSBH_SFHo_uniform_chi_0_1.csv,QCBB,rad,A3_0,3.000000000000e+00,NSBH SFHo uniform chi,NSBH,SFHo,uniform_chi_0_1,750,1.000000000000e-02,1.499000000000e+01
rad_A5_0_BNS.csv,QCBB,rad,A5_0,5.000000000000e+00,BNS,BNS,,,750,1.000000000000e-02,1.499000000000e+01
rad_A5_0_NSBH_uncut.csv,QCBB,rad,A5_0,5.000000000000e+00,NSBH,NSBH,,uncut,750,1.000000000000e-02,1.499000000000e+01
rad_A5_0_NSBH_DD2_fixed_chi_0.csv,QCBB,rad,A5_0,5.000000000000e+00,NSBH DD2 fixed chi,NSBH,DD2,fixed_chi_0,750,1.000000000000e-02,1.499000000000e+01
rad_A5_0_NSBH_DD2_uniform_chi_0_1.csv,QCBB,rad,A5_0,5.000000000000e+00,NSBH DD2 uniform chi,NSBH,DD2,uniform_chi_0_1,750,1.000000000000e-02,1.499000000000e+01
rad_A5_0_NSBH_SFHo_fixed_chi_0.csv,QCBB,rad,A5_0,5.000000000000e+00,NSBH SFHo fixed chi,NSBH,SFHo,fixed_chi_0,750,1.000000000000e-02,1.499000000000e+01
rad_A5_0_NSBH_SFHo_uniform_chi_0_1.csv,QCBB,rad,A5_0,5.000000000000e+00,NSBH SFHo uniform chi,NSBH,SFHo,uniform_chi_0_1,750,1.000000000000e-02,1.499000000000e+01
xuli_A0_5_BNS.csv,LX,xuli,A0_5,5.000000000000e-01,BNS,BNS,,,750,1.000000000000e-02,1.499000000000e+01
xuli_A0_5_NSBH_uncut.csv,LX,xuli,A0_5,5.000000000000e-01,NSBH,NSBH,,uncut,750,1.000000000000e-02,1.499000000000e+01
xuli_A0_5_NSBH_DD2_fixed_chi_0.csv,LX,xuli,A0_5,5.000000000000e-01,NSBH DD2 fixed chi,NSBH,DD2,fixed_chi_0,750,1.000000000000e-02,1.499000000000e+01
xuli_A0_5_NSBH_DD2_uniform_chi_0_1.csv,LX,xuli,A0_5,5.000000000000e-01,NSBH DD2 uniform chi,NSBH,DD2,uniform_chi_0_1,750,1.000000000000e-02,1.499000000000e+01
xuli_A0_5_NSBH_SFHo_fixed_chi_0.csv,LX,xuli,A0_5,5.000000000000e-01,NSBH SFHo fixed chi,NSBH,SFHo,fixed_chi_0,750,1.000000000000e-02,1.499000000000e+01
xuli_A0_5_NSBH_SFHo_uniform_chi_0_1.csv,LX,xuli,A0_5,5.000000000000e-01,NSBH SFHo uniform chi,NSBH,SFHo,uniform_chi_0_1,750,1.000000000000e-02,1.499000000000e+01
xuli_A1_0_BNS.csv,LX,xuli,A1_0,1.000000000000e+00,BNS,BNS,,,750,1.000000000000e-02,1.499000000000e+01
xuli_A1_0_NSBH_uncut.csv,LX,xuli,A1_0,1.000000000000e+00,NSBH,NSBH,,uncut,750,1.000000000000e-02,1.499000000000e+01
xuli_A1_0_NSBH_DD2_fixed_chi_0.csv,LX,xuli,A1_0,1.000000000000e+00,NSBH DD2 fixed chi,NSBH,DD2,fixed_chi_0,750,1.000000000000e-02,1.499000000000e+01
xuli_A1_0_NSBH_DD2_uniform_chi_0_1.csv,LX,xuli,A1_0,1.000000000000e+00,NSBH DD2 uniform chi,NSBH,DD2,uniform_chi_0_1,750,1.000000000000e-02,1.499000000000e+01
xuli_A1_0_NSBH_SFHo_fixed_chi_0.csv,LX,xuli,A1_0,1.000000000000e+00,NSBH SFHo fixed chi,NSBH,SFHo,fixed_chi_0,750,1.000000000000e-02,1.499000000000e+01
xuli_A1_0_NSBH_SFHo_uniform_chi_0_1.csv,LX,xuli,A1_0,1.000000000000e+00,NSBH SFHo uniform chi,NSBH,SFHo,uniform_chi_0_1,750,1.000000000000e-02,1.499000000000e+01
xuli_A3_0_BNS.csv,LX,xuli,A3_0,3.000000000000e+00,BNS,BNS,,,750,1.000000000000e-02,1.499000000000e+01
xuli_A3_0_NSBH_uncut.csv,LX,xuli,A3_0,3.000000000000e+00,NSBH,NSBH,,uncut,750,1.000000000000e-02,1.499000000000e+01
xuli_A3_0_NSBH_DD2_fixed_chi_0.csv,LX,xuli,A3_0,3.000000000000e+00,NSBH DD2 fixed chi,NSBH,DD2,fixed_chi_0,750,1.000000000000e-02,1.499000000000e+01
xuli_A3_0_NSBH_DD2_uniform_chi_0_1.csv,LX,xuli,A3_0,3.000000000000e+00,NSBH DD2 uniform chi,NSBH,DD2,uniform_chi_0_1,750,1.000000000000e-02,1.499000000000e+01
xuli_A3_0_NSBH_SFHo_fixed_chi_0.csv,LX,xuli,A3_0,3.000000000000e+00,NSBH SFHo fixed chi,NSBH,SFHo,fixed_chi_0,750,1.000000000000e-02,1.499000000000e+01
xuli_A3_0_NSBH_SFHo_uniform_chi_0_1.csv,LX,xuli,A3_0,3.000000000000e+00,NSBH SFHo uniform chi,NSBH,SFHo,uniform_chi_0_1,750,1.000000000000e-02,1.499000000000e+01
xuli_A5_0_BNS.csv,LX,xuli,A5_0,5.000000000000e+00,BNS,BNS,,,750,1.000000000000e-02,1.499000000000e+01
xuli_A5_0_NSBH_uncut.csv,LX,xuli,A5_0,5.000000000000e+00,NSBH,NSBH,,uncut,750,1.000000000000e-02,1.499000000000e+01
xuli_A5_0_NSBH_DD2_fixed_chi_0.csv,LX,xuli,A5_0,5.000000000000e+00,NSBH DD2 fixed chi,NSBH,DD2,fixed_chi_0,750,1.000000000000e-02,1.499000000000e+01
xuli_A5_0_NSBH_DD2_uniform_chi_0_1.csv,LX,xuli,A5_0,5.000000000000e+00,NSBH DD2 uniform chi,NSBH,DD2,uniform_chi_0_1,750,1.000000000000e-02,1.499000000000e+01
xuli_A5_0_NSBH_SFHo_fixed_chi_0.csv,LX,xuli,A5_0,5.000000000000e+00,NSBH SFHo fixed chi,NSBH,SFHo,fixed_chi_0,750,1.000000000000e-02,1.499000000000e+01
xuli_A5_0_NSBH_SFHo_uniform_chi_0_1.csv,LX,xuli,A5_0,5.000000000000e+00,NSBH SFHo uniform chi,NSBH,SFHo,uniform_chi_0_1,750,1.000000000000e-02,1.499000000000e+01
